,topic0,topic1,topic2,topic3,number
Faster 1,0.0016885071035580269,0.0016797781769421613,0.9949519365425575,0.0016797781769421604,2
TB Wild 1,0.9948071226900849,0.0016857371438906673,0.0018214030221339512,0.0016857371438906668,0
