,topic0,topic1,topic2,topic3,number
TB Dist 1,0.0016860016585862228,0.9949419950242755,0.0016860016585810386,0.0016860016585571196,1
