,topic0,topic1,topic2,topic3,number
Stack A 1,0.001685901355927573,0.0016859013559353464,0.994942295932237,0.0016859013558999806,2
