,topic0,topic1,topic2,topic3,number
Shrabnelle 1,0.9949424965785204,0.001685834473842755,0.0016858344738299002,0.0016858344738069214,0
