,topic0,topic1,topic2,topic3,number
BigLead Low 1,0.0016839561485036236,0.0017739146362356288,0.9948581730667571,0.0016839561485036236,2
AlarmLead 1,0.0016840453268801294,0.9948273950006433,0.0018045143455965114,0.0016840453268801294,1
