,topic0,topic1,topic2,topic3,number
TB Off 1,0.0017964203450270904,0.0016837513069126503,0.9947222745118964,0.0017975538361638406,2
OfflineA 1,0.0018099987296383326,0.0016843214792824268,0.0017589350441916476,0.9947467447468875,3
MaasedBass 1,0.9947307526281235,0.0016838015510633863,0.001784580604277097,0.0018008652165358988,0
SawBass 1,0.0017734371139710868,0.0016810939876987984,0.0017116609595061892,0.9948338079388238,3
