,topic0,topic1,topic2,topic3,number
SeqBass 1,0.00181357638559676,0.9947230737660173,0.0017785933505015225,0.0016847564978845263,1
ShuffleBass 1,0.9947543093730201,0.0017637687868777778,0.001798167090447601,0.0016837547496544247,0
RoomBass 1,0.0018204063662304796,0.001774497405945174,0.9947202708275446,0.0016848254002798794,2
