,topic0,topic1,topic2,topic3,number
TB 3003 1,0.0017125454006527217,0.001801614133835479,0.0016837535266144865,0.9948020869388974,3
Hackerseq 1,0.9947869692783138,0.0018015121276364699,0.0016797727786035863,0.0017317458154463726,0
Backing 1,0.0017089437109998361,0.9948839981064996,0.0016806517248488335,0.001726406457651882,1
Romancer 1,0.0017155453238088577,0.9948679212702622,0.001678890538435769,0.0017376428674930364,1
