,topic0,topic1,topic2,topic3,number
Simplic 1,0.0017726250579512487,0.0016849939286042938,0.9948573870848401,0.0016849939286042938,2
Solar 1,0.9947953903197408,0.0016867287050534227,0.0018311522701525908,0.0016867287050534227,0
OfflineB 1,0.0017988544284559085,0.001684375298223662,0.9948323949750967,0.001684375298223662,2
DanceOff 1,0.994845897952902,0.0016828007926122774,0.001788500461873484,0.0016828007926122774,0
